id,is_trusted_contributor,creator
1557895,true,Mapenzi
1557902,true,christ1
1557937,true,@next
1557941,true,@next
1557945,true,davidsk
1557966,true,davidsk
1557967,true,davidsk
1557973,true,davidsk
1557987,true,christ1
1557994,true,christ1
1558014,true,mozilla98
1558019,true,mozilla98
1558022,true,wsmwk
1558047,true,wsmwk
1558049,true,MattAuSupport
1558085,true,christ1
1558098,true,MattAuSupport
1558104,true,Mapenzi
1558107,true,davidsk
1558113,true,davidsk
1558135,true,christ1
1558149,true,mozilla98
1558157,true,davidsk
1558180,true,rednoise
1558181,true,mozilla98
1558204,true,mozilla98
1558207,true,mozilla98
1558211,true,mozilla98
1558221,true,Toad-Hall
1558230,true,Toad-Hall
1558238,true,mozilla98
1558251,true,siffemoz
1558253,true,davidsk
1558257,false,andrerjansen
1558258,true,markh2
1558265,true,rednoise
1558280,true,mozilla98
1558290,true,MattAuSupport
1558294,true,@next
1558295,true,mozilla98
1558336,true,MattAuSupport
1558343,true,Toad-Hall
1558369,true,davidsk
1558400,true,@next
1558404,true,@next
1558405,true,@next
1558415,true,wsmwk
1558426,true,sfhowes
1558427,true,poljos-moz
1558448,true,davidsk
1558465,true,rednoise
1558468,true,James
1558471,true,wsmwk
1558478,true,rednoise
1558481,true,rednoise
1558496,true,rednoise
1558554,true,siffemoz
1558560,true,davidsk
1558561,true,Mozilla-assistent
1558562,true,siffemoz
1558566,true,rednoise
1558581,true,wsmwk
1558596,true,mozilla98
1558598,true,davidsk
1558618,true,Mapenzi
1558621,true,markh2
1558625,true,sfhowes
1558629,true,mozilla98
1558638,true,davidsk
1558643,true,pcp04
1558654,true,rednoise
1558670,true,MattAuSupport
1558681,true,sfhowes
1558705,true,wsmwk
1558716,true,siffemoz
1558730,true,Mozilla-assistent
1558732,true,siffemoz
1558738,true,MattAuSupport
1558741,true,Mozilla-assistent
1558743,true,MattAuSupport
1558746,true,davidsk
1558750,true,davidsk
1558780,true,mozilla98
1558781,true,mozilla98
1558797,true,christ1
1558801,true,Mapenzi
1558811,true,christ1
1558823,true,MattAuSupport
1558830,true,markh2
1558833,true,MattAuSupport
1558852,true,mozilla98
1558861,true,MattAuSupport
1558875,true,rednoise
1558890,true,markh2
1558905,true,sfhowes
1558922,true,Mad_Maks
1558923,true,davidsk
1558927,true,markh2
1558949,true,davidsk
1558951,true,davidsk
1558953,true,@next
1558960,true,MattAuSupport
1558970,true,Mapenzi
1558972,true,@next
1558977,true,davidsk
1558983,true,davidsk
1558995,true,pcp04
1559001,true,sfhowes
1559002,true,davidsk
1559006,true,pcp04
1559020,true,James
1559024,true,siffemoz
1559033,true,siffemoz
1559034,true,@next
1559047,true,MattAuSupport
1559050,true,davidsk
1559056,true,davidsk
1559082,true,sfhowes
1559092,true,MattAuSupport
1559104,true,@next
1559110,true,@next
1559114,true,MattAuSupport
1559126,true,pcp04
1559132,true,@next
1559135,true,davidsk
1559163,true,davidsk
1559175,true,siffemoz
1559177,true,Toad-Hall
1559191,true,MattAuSupport
1559195,true,mozilla98
1559202,true,davidsk
1559206,true,davidsk
1559209,true,MattAuSupport
1559221,true,Mapenzi
1559222,false,smitharon550
1559235,true,Mapenzi
1559242,true,davidsk
1559276,true,davidsk
1559280,true,Mozilla-assistent
1559598,true,@next
1559603,true,siffemoz
1559628,true,MattAuSupport
1559634,true,sfhowes
1559644,true,davidsk
1559659,true,mozilla98
1559668,true,davidsk
1559673,true,Mozilla-assistent
1559678,true,MattAuSupport
1559682,true,maxcoder
1559685,true,wsmwk
1559690,true,siffemoz
1559694,true,@next
1559704,true,@next
1559707,true,davidsk
1559782,true,markh2
1559800,true,davidsk
1559805,true,davidsk
1559807,true,davidsk
1559811,true,Ansamb
1559820,true,@next
1559822,true,sfhowes
1559825,true,@next
1559826,true,@next
1559828,true,christ1
1559844,true,Toad-Hall
1559845,true,davidsk
1559846,true,@next
1559859,true,davidsk
1559916,true,sfhowes
1559956,true,davidsk
1559957,true,davidsk
1559959,true,christ1
1559968,true,siffemoz
1559994,true,mozilla98
1559997,true,davidsk
1560000,false,norhorn
1560011,true,davidsk
1560012,true,rednoise
1560023,true,davidsk
1560031,true,sfhowes
1560046,true,davidsk
1560061,true,@next
1560063,true,mozilla98
1560065,false,clifmks
1560067,true,sfhowes
1560069,true,Mad_Maks
1560071,true,Mapenzi
1560079,true,rednoise
1560091,true,sfhowes
1560103,true,mozilla98
1560106,true,siffemoz
1560107,true,mozilla98
1560122,true,@next
1560130,true,mozilla98
1560140,true,mozilla98
1560147,true,poljos-moz
1560164,true,meskobalazs
1560175,true,davidsk
1560186,true,mozilla98
1560214,true,davidsk
1560216,true,davidsk
1560230,true,sfhowes
1560245,true,siffemoz
1560251,true,Mapenzi
1560263,true,davidsk
1560284,true,@next
1560287,true,davidsk
1560293,true,Mad_Maks
1560305,true,Ansamb
1560309,true,davidsk
1560343,true,mozilla98
1560358,true,christ1
1560371,true,mozilla98
1560376,true,mozilla98
1560380,true,davidsk
1560384,true,mozilla98
1560385,true,mozilla98
1560414,true,mozilla98
1560423,true,mozilla98
1560439,true,Mapenzi
1560443,true,mozilla98
1560494,true,davidsk
1560495,true,christ1
1560512,true,Mozilla-assistent
1560536,true,wsmwk
1560539,true,Mapenzi
1560543,true,mozilla98
1560546,true,davidsk
1560561,true,Mapenzi
1560569,false,edicharry
1560574,true,mozilla98
1560581,true,wsmwk
1560598,true,MattAuSupport
1560599,true,wsmwk
1560604,true,mozilla98
1560634,true,rednoise
1560679,true,christ1
1560708,true,MattAuSupport
1560759,true,davidsk
1560766,true,MattAuSupport
1560775,true,davidsk
1560788,true,davidsk
1560850,true,christ1
1560859,true,davidsk
1560887,true,@next
1560888,true,@next
1560924,true,davidsk
1560926,true,davidsk
1560931,true,sfhowes
1560933,true,davidsk
1560937,true,sfhowes
1560940,true,pcp04
1560948,true,sfhowes
1560967,true,siffemoz
1560970,true,mozilla98
1560982,true,Toad-Hall
1560992,true,mozilla98
1560993,true,davidsk
1560994,true,siffemoz
1561021,true,@next
1561047,true,mozilla98
1561072,true,Mozilla-assistent
1561075,true,christ1
1561078,true,@next
1561083,true,mozilla98
1561098,true,mozilla98
1561113,true,mozilla98
1561151,true,Mapenzi
1561154,true,Toad-Hall
1561155,true,davidsk
1561157,true,mozilla98
1561166,true,mozilla98
1561168,true,mozilla98
1561179,true,Toad-Hall
1561185,true,Toad-Hall
1561208,true,pcp04
1561237,true,Toad-Hall
1561246,true,Mapenzi
1561247,true,Toad-Hall
1561250,true,Toad-Hall
1561255,true,Toad-Hall
1561258,true,@next
1561261,true,markh2
1561264,true,Toad-Hall
1561266,true,@next
1561273,true,pcp04
1561274,true,Mapenzi
1561275,true,@next
1561277,true,Toad-Hall
1561282,true,pcp04
1561290,true,Mapenzi
1561302,true,@next
1561317,true,davidsk
1561328,true,sfhowes
1561334,true,sfhowes
1561340,true,mozilla98
1561345,true,christ1
1561360,true,davidsk
1561379,true,mozilla98
1561386,true,wsmwk
1561412,true,davidsk
1561415,true,Mozilla-assistent
1561417,true,sfhowes
1561431,true,Toad-Hall
1561435,true,Toad-Hall
1561439,true,christ1
1561448,true,sfhowes
1561463,true,@next
1561465,true,James
1561481,true,davidsk
1561489,true,mozilla98
1561500,true,@next
1561504,true,@next
1561512,true,wsmwk
1561515,true,davidsk
1561516,true,pcp04
1561537,true,sfhowes
1561539,true,sfhowes
1561542,true,mozilla98
1561548,true,MattAuSupport
1561552,true,Mapenzi
1561570,true,siffemoz
1561596,true,@next
1561600,true,siffemoz
1561607,true,@next
1561623,true,mozilla98
1561634,true,@next
1561637,true,davidsk
1561645,true,wsmwk
1561650,true,mozilla98
1561655,true,@next
1561686,false,mozilla638
1561698,true,davidsk
1561706,true,wsmwk
1561707,true,wsmwk
1561708,true,mozilla98
1561715,true,wsmwk
1561727,true,MattAuSupport
1561732,true,wsmwk
1561734,true,siffemoz
1561736,true,wsmwk
1561748,true,Mapenzi
1561751,true,davidsk
1561752,true,davidsk
1561761,true,wsmwk
1561781,true,davidsk
1561784,true,@next
1561801,true,@next
1561808,true,christ1
1561809,true,davidsk
1561810,true,davidsk
1561817,true,davidsk
1561818,true,Mapenzi
1561845,false,campingcatinacciorosengarten
1561898,true,Mapenzi
1561901,true,christ1
1561902,true,MattAuSupport
1561909,true,davidsk
1561914,true,MattAuSupport
1561927,true,christ1
1561928,false,khushiratra.pcvita
1561929,true,Mapenzi
1561935,true,rednoise
1561936,true,rednoise
1561965,true,christ1
1561972,true,@next
1562032,true,christ1
1562035,true,davidsk
1562038,true,Mapenzi
1562045,true,@next
1562074,true,sfhowes
1562082,true,rednoise
1562092,true,christ1
1562101,true,davidsk
1562102,true,christ1
1562144,true,Mapenzi
1562149,true,markh2
1562157,true,Mozilla-assistent
1562160,true,Mapenzi
1562161,true,davidsk
1562174,true,davidsk
1562180,true,Mapenzi
1562190,true,davidsk
1562200,true,davidsk
1562212,true,davidsk
1562217,true,MattAuSupport
1562223,true,MattAuSupport
1562234,true,MattAuSupport
1562238,true,Mapenzi
1562243,true,MattAuSupport
1562248,true,MattAuSupport
1562264,true,MattAuSupport
1562276,false,antifascist
1562284,true,James
1562288,true,davidsk
1562289,true,@next
1562298,true,@next
1562305,true,sfhowes
1562335,true,sfhowes
1562337,true,davidsk
1562338,true,davidsk
1562341,true,davidsk
1562353,true,Toad-Hall
1562360,true,Mapenzi
1562377,true,Mapenzi
1562396,true,davidsk
1562418,true,wsmwk
1562420,true,davidsk
1562426,true,MattAuSupport
1562433,true,davidsk
1562436,true,MattAuSupport
1562438,true,sfhowes
1562454,true,sfhowes
1562457,true,davidsk
1562465,true,davidsk
1562466,true,davidsk
1562477,true,davidsk
1562478,true,markh2
1562479,true,rednoise
1562484,true,davidsk
1562491,true,rednoise
1562495,true,@next
1562507,true,pcp04
1562513,true,davidsk
1562527,true,@next
1562534,true,davidsk
1562546,true,sfhowes
1562553,true,christ1
1562555,true,sfhowes
1562571,true,wsmwk
1562607,true,christ1
1562610,true,davidsk
1562620,true,@next
1562637,true,@next
1562650,true,pcp04
1562651,true,markh2
1562671,true,@next
1562691,true,poljos-moz
1562701,true,@next
1562704,true,poljos-moz
1562725,true,@next
1562732,true,davidsk
1562740,true,davidsk
1562742,true,Mapenzi
1562760,true,@next
1562763,true,Mapenzi
1562791,true,davidsk
1562826,true,Mozilla-assistent
1562842,true,@next
1562843,true,MattAuSupport
1562847,true,davidsk
1562848,true,davidsk
1562851,true,@next
1562866,true,pcp04
1562868,true,davidsk
1562869,true,Mapenzi
1562878,true,@next
1562880,false,VeeBee
1562884,true,davidsk
1562889,true,davidsk
1562893,true,davidsk
1562918,true,davidsk
1562925,true,MattAuSupport
1562927,true,MattAuSupport
1562942,true,rednoise
1562948,true,rednoise
1562983,true,rednoise
1562992,true,MattAuSupport
1562997,true,@next
1563035,true,MattAuSupport
1563046,true,Mad_Maks
1563054,true,davidsk
1563063,true,MattAuSupport
1563065,true,@next
1563069,true,rednoise
1563074,true,davidsk
1563076,true,@next
1563080,true,davidsk
1563082,true,christ1
1563103,true,christ1
1563113,true,christ1
1563114,true,christ1
1563150,true,MattAuSupport
1563151,true,christ1
1563180,true,davidsk
1563182,true,christ1
1563189,true,christ1
1563198,true,@next
1563204,true,@next
1563228,true,@next
1563229,true,@next
1563231,true,davidsk
1563256,true,@next
1563275,true,MattAuSupport
1563291,true,Mapenzi
1563300,true,davidsk
1563303,true,davidsk
1563313,true,MattAuSupport
