id,title,LLM_Summary,Analyst_notes
1568316,149.0b1 - userChrome.css settings for message-list colors stopped working,,
1568317,how can I insert a non_breaking space in text,,
1568318,Three accounts with different AOL accounts are displaying the same content from ,,
1568321,Can't transfer old Thunderbird data to new computer,,
1568326,Received msg claiming has all my info - wants $$ to get rid of it,,
1568333,Why does T'bird not show ALL the messages in my inbox on Zoho mail?,,
1568344,I cannot type into mail settings for composition or search,,
1568352,"Need to restore ""corrupted"" T-Bird on PC without loosing emails, addrs, history,",,
1568353,Can you use Thunderbird with a two-step verification email account?,,
1568358,My Tbird ver 140.8.0esr shows 2026 Feb 29 which does not exist. what can I do?,,
1568366,Problems setting up Thunderbird on a new PC,,
1568372,Authentication failure while connecting to server imap.aol.com and version 148,,
1568383,Emails not deleting and keep coming back with message to check that there's suff,,
1568385,Not downloading BTmail emails [Emails not deleting and keep coming back with mes,,
1568390,can't send mail on  new personal Outlook.com account,,
1568400,Emails on some accounts are coming through twice.,,
1568404,How to set Thunderbird to auto forward incoming mail to new address,,
1568408,Thunderbird SuperNova on 32 bit Win 7 machine,,
1568427,Da quando ho installato Windows 11 la pagina della mail di  thunderbird si caric,,
1568430,inserimento mail,,
1568434,OAUTH to Yahoo fails after TB v148 upgrade,,
1568435,agenda in thunderbird will not refresh,,
1568455,Thunderbird v14.0.2 (64bit) Unified Inbox not displaying,,
1568458,Thunderbird (ver. 148) è diventato lentissimo a caricare i calendari di google,,
1568462,wachtwoord werkt niet,,
1568466,"How can i do to have the list of ""recent destination"" in alphabetic order?",,
1568468,Since yesterday I cannot insert new activities in Thunderbird ...it simply does ,,
1568473,come scaricare le email e cancellarle,,
1568476,Anyone know the CNAME and other advanced settings for POP3 and IMAP using Thunde,,
1568488,"""Using Thunderbird 140 on Linux Mint. How do I change the font for read and unre",,
1568499,Annoying google oauth sign in popup,,
1568506,I can't login to yahoo mail with version 148.0,,
1568509,"Trapped, unable to send after attacled in a lockout . Thunderbird win10    Can I",,
1568523,Cannot send email via Thunderbird - suddenly,,
1568525,my email [edited] @sssnet.com wont receive any messages,,
1568528,Latest update appears to cause email problems with ATT,,
1568530,I can't sign into Outlook because the login window opens and immediately closes.,,
1568531,Messages from subscribed IMAP folders are not downloaded on schedule.,,
1568533,Yahoo terwijl mijn google en hotmail gewoon werken ik heb Ccleaner de gehele com,,
1568540,"""Unable to log in at server"" error when configuring Thunderbird",,
1568541,trying to delete on email on thuderbird but can't find Remove Account selection,,
1568544,Bulk forwarding,,
1568545,Why do my reminders appear looking squashed?,,
1568546,Just a Heads Up - Pages are in 2 languages !,,
1568551,I need a way to get password list off old Thunderbird.,,
1568553,how do finish downloading thunderbird?,,
1568564,Thunderbird does not display when it's checking for messages,,
1568580,How to select a Thunderbird signature font,,
1568595,Manual server settings required for Thunderbird email setup,,
1568603,Adding Outlook account -> missing folders,,
1568607,Appointments in Google-calendar are not visible in Thunderbird,,
1568611,Aggiornamento 147.0.4,,
1568617,Yahoo mail don't work since thunderbird 148,,
1568619,donde configurar servidor de entrada,,
1568621,Why do my google diary entries disappear following latest update to Thunderbird?,,
1568632,"OAuth doesn't provide any device info to mail provider, which limits options if ",,
1568634,How to move to a new PC with multiple accounts stored on 2 different drives?,,
1568641,after update of thunderbird from 140esr to 148 i have no access to ldap address ,,
1568645,"Unable to remove accounts from Thunderbirds ""Account Settings""",,
1568646,all'istallazione di nuova versione di sistema operativo Thunderbird ha problemi,,
1568661,Not possible to connect to server imap of ziggo,,
1568663,Remove donation request from email screen,,
1568667,"Trouble adding an account to Thunderbird using account hub - ""exchange auth erro",,
1568669,I do not receive any mails neither send emails anymore,,
1568674,How to remove old clendar tasks,,
1568675,sync all email account to all devices,,
1568680,Egift card email was in my inbox and now it's gone,,
1568687,Thunderbird account setup,,
1568690,how do I remove and cancel Owl for Exchange,,
1568693,Trouble adding Google Workspace account,,
1568701,to put forward emails,,
1568702,to put forward emails,,
1568703,to put forward emails,,
1568704,I've tried everything and can not receive or sent messages on Thunderbird,,
1568712,Gmail SMTP times out on all accounts,,
1568718,Limit of Sub-Folders?,,
1568724,Activity Monitor popup window,,
1568729,How to recover backup from TBird 145.0-1 in new 140.7.1?,,
1568736,Contact info for the blog,,
1568748,thunderbird cannot connect to aol e-mail - reason: not a valid certificate,,
1568759,New PKCE Yahoo.com account doesn't receive mail,,
1568797,Insert command disappeared from drop down list,,
1568806,Calendars disappear in recent update 148.0 (64-bit),,
1568811,Unable to connect to IMAP server message keeps appearing,,
1568829,Problems with email,,
1568833,"Nachrichten werden immer in allen 3 Konten gespeichert, wie kann die Zuordnung g",,
1568835,"There is no setting in the calendar for a recurring date on the ""last workday"" o",,
1568840,"since today in thunderbird v.148 aol-email-Authorization does not work, yesterda",,
1568842,I have archivied e-mail but there is no archive folder,,
1568848,How can I add a second outlook email account in Thunderbird?,,
1568849,Cannot import data to Thunderbird address book,,
1568851,archiviazione mail in una cartella,,
1568859,Local Drafts folder was slow then Thunderbird started resending all the emails i,,
1568867,I'm not getting my emails in my new thing I downloaded,,
1568869,Can I use thunderbird with multiple accounts on multiple PC's and stay synchroni,,
1568871,Vorrei evitare che i messaggi (invio/riposta) relativi a un argomento non fosser,,
1568874,Calendars keep disappearing!,,
1568879,How to reset primary password,,
1568880,Emails going unread into trash that I do not want to go there,,
1568882,Not receiving emails from your service.,,
1568886,how do I combine folders?,,
1568887,"my account thunderbird work only ""not on line""",,
1568888,Dragging and dropping attachments out of Thunderbird creates multiple copies,,
1568891,wo finde ich meine passwörter auf Thunderbird?,,
1568892,"Deleted several hundred emails on Feb 27, Thunderburg shutdown at same time, can",,
1568896,Do I need GMX-TopMail or works Thunderbird with FreeMail too?,,
1568903,Shaun,,
1568906,ciao.. non riesco più ad accedere all'aria casella di posta,,
1568911,My wife keeps getting a popup from Thunderbird for permission to access her Goog,,
1568912,i have been dealing with ms360 support to login to my email and accout for a pas,,
1568913,I need help canceling diseased husband’s donation to Thunderbird.,,
1568917,"After Thunderbird installer download from Mozilla website, I cannot access eithe",,
1568920,"Sort Thunderbird right-click ""Move to"" and ""Copy to"" list alphabetically",,
1568923,Followup to inquiry below,,
1568925,I need to send an email. All it says is send later,,
1568936,Bad formatting body e-mail,,
1568938,Some of my folders don't show up in Thunderbird,,
1568939,Can receive but cannot send emails from Thunderbird using an office365 mail acco,,
1568949,Where is the quota bar?,,
1568966,Add-on to customize Message Header Toolbar,,
1568971,My email asks for password constantly stoppping me from using it,,
1568990,"My message pane is now showing ""from"",""to"",Subject, ""date"" followed by lines and",,
1569000,"I send an email using bold, italic, and underline. The receiver gets *,/, and \ ",,
1569004,all  my  mail  back,,
1569006,Gmail account info disappears from Thunderbird,,
1569010,im  trying  to  get  all  my  mail  back  to  here  so  i  can  save  it  to  co,,
1569012,How to re-download gmail POP3 emails (Win 11),,
1569016,Fastest way to upload messages to EWS account?,,
1569021,Backup settings only,,
1569022,Transferring messages to EWS from local storage stops after a while with no erro,,
1569025,Paswoord voor emailadres.,,
1569028,How do I change the app icon?,,
1569029,I can't install  mail.ru in Thunderbird (Desktop Linux),,
1569036,Incoming messages are interspersed with old messages without any order.,,
1569042,"No ""Password"" field is provided for SMTP Server security setup",,
1569051,forgot password (locked duplicate),,
1569053,messaggi non scaricati di posta elettronica certificata,,
1569057,creer un compte gmail,,
1569060,"Remove ""Personal Address Book""",,
1569062,Possibility to donate,,
1569080,3 out of 4 accounts do not open anymore,,
1569081,I can't remember my thunderbird password,,
1569083,Не отправляются письма,,
1569084,"Outlook connection error: ""User is authenticated but not connected""",,
1569086,Hoe agenda's zichtbaar maken in thunderbird 148.0,,
1569091,Comment about my first full month on Thunderbird after dumping Outlook,,
1569095,Transferring calendars from one computer to another. Win 10/11,,
1569097,When opening Thunderbird on Wayland with Nvidia drivers it breaks other apps.,,
1569106,I am I able to create a Thunderbird email account ?,,
1569109,messaggi spam,,
1569110,Thunderbird frozen and won't load.,,
1569111,I have an ad from Mozilla obscuring most of my Thunderbird screen and can't get ,,
1569115,"je n'arrive plus à me connecter à ma boite mail thunderbird, mot de passe oubliu",,
1569119,archiving mails from from multiple mailaccounts stored in local mail folders,,
1569121,All email Conatacs were deleted,,
1569122,J'ai un compte ik qui va tres bien j'en veux un dexieme = impossible recherche m,,
1569126,accès à ma boite mail impossible,,
1569128,Scroll instead of new tab in Thunderbird,,
1569132,Unable to send out an email. the send button disappeared,,
1569133,Thunderbird email send stopped working something like three weeks ago.,,
1569142,Tbird E-mail storage locations,,
1569143,"re:OAuth2 Authentication for Yahoo, AOL and ATT",,
1569148,Cannot receive emails,,
1569154,frequent Yahoo Mail popup,,
1569155,"in dont understand what I have to do, im not an IT geek, im an oldie",,
1569157,"Emails from one website go to Junk, no matter what",,
1569170,Cannot acces my second email account on Thunderbird accessing earthlink.net pass,,
1569171,Over the past few days my sent emails are not copied in my sent folder,,
1569174,Problem creating a Thunderbird account using my iCloud.com email credentials,,
1569179,Dismiss or Snooze not working on Gmail account in Thunderbird 148,,
1569189,Does mailnews.oauth.usePrivateBrowser need to be true if you have 1 Yahoo! acct.,,
1569196,T-Bird won't open / load and must close using Win Task Mgr,,
1569207,To add addenda,,
1569211,Google provider quit to work,,
1569215,mail envoyé parait sur les deux messageries,,
1569218,Thunderbird keeps freezing up without crash report,,
1569230,How do I recover deleted email from a series of email addresses,,
1569248,Levelő program működési hiba,,
1569252,How to increase font size to make reading easier?,,
1569259,Thunderbird will not recognize my password which I've never changed.,,
1569271,Folder Properties / Icon Custom Colors choices are periodically reset | likely a,,
1569277,How do I put a list of many email addresses into my address book under one list ,,
1569281,"12 messages in ""draft"" folder disappeared",,
1569283,increase the attachment size to 100MB?,,
1569299,certificate for imap <edited>@peternedsmith.co.uk is not valid,,
1569305,Certificate is not valid all of a sudden,,
1569315,Links in emails are not followed,,
1569330,Er is een fout opgetreden bij het verzenden van e-mail. De mailserver antwoordde,,
1569332,Attempt to REPLY > TB opens reply screen > screen is surrounded by a thick while,,
1569335,Unable to receive/send email from outlook.office365.com,,
1569343,Can no longer access email more than 4 months old,,
1569347,New Version 148.0 Issues,,
1569349,Prompt to log onto yahoo.mail when openting Thunderbird,,
1569362,Can I restore a deleted calendar?,,
1569365,A lot of people tend to reply using an old subject. Multiple messages then becom,,
1569383,Trouble adding exchange email account,,
1569389,"suddenly thunderbird won't send mails through vodafon/uniymail, ""mail couldn't b",,
1569391,connection to server timeout version 148.0,,
1569393,Не отправляется сообщения,,
1569398,account cancellato - richiesta continua di accesso di google,,
1569410,For the past two weeks I have not been able to receive or send email,,
1569412,Sewnden der Nachricht fehlgeschlagen,,
1569413,I've lost my password.,,
1569415,Adding another orange email account.,,
1569419,Repair e-mail registers and setup,,
1569424,Does Yahoo logging records thunderbird as Virtual Gecko?,,
1569434,"Failed to save message. Check the spelling of the file name, wait a while, and t",,
1569440,new download,,
1569448,Authentication failure at log in to yahoo email from Thunderbird,,
1569449,incoming mail doesnt work anymore,,
1569451,Turn Off Notifications,,
1569453,"Thunderbird not connecting to Gmail ""Unable to log in at server. Probably wrong ",,
1569454,Lost Option to list Unread Msgs Only,,
1569460,Unified Inbox Acting VERY Strangely with v148,,
1569464,Can receive Thunderbird email but cannot send or reply.  Sudden change.,,
1569466,"I have lost the send, attach buttons on my new emails and the New message button",,
1569472,kann keine e-mail adresse einrichten,,
1569473,"Error Several times a month but I haven't made any changes. ""The message failed ",,
1569482,Thunderbird - switching from ESR to release channel installation issue.,,
1569486,How do I remove the space between lines when composing a message?,,
1569487,Extremely slow when sending an email.,,
1569509,Spam list & criteria,,
1569512,how to foward email to a group,,
1569521,How Do You Find Thunderbird Themes?,,
1569534,How to retrieve email,,
1569536,trouble adding comcast email to thunderbird - told me it didn't recognize the ad,,
1569537,My subject line doesn't show the color of my tag anymore,,
1569542,Unified folders aren't working,,
1569543,Cannot delete any office 365 emails,,
1569560,downloading yahoo mail onto thunderbird,,
1569572,presuny hromadne,,
1569577,Unable to use Two Yahoo accounts in Thunderbird Latest Version 148,,
1569580,"Why aren't copies of some messages saved in ""sent""?",,
1569582,Thunderbird is not loaded and can not be found,,
1569583,Non riesco a creare account di posta libero.it,,
1569586,"Ich kann auf meinem Computer keine Mails mehr empfangen , auf dem Handy geht es.",,
1569589,Notification of new message in Threaded View.,,
1569597,SMTP server,,
1569625,Ich habe bei Thunderbird bei der Anmeldung das Passwort vergessen.,,
1569641,how can I cancel my monthly donation  to Thunderbird?,,
1569644,A solution to  emails keep returning to spam folder...,,
1569649,Should a Profile backup create a hierarchy of folders with emails in them?,,
1569655,regelafstand verkleinen thunderbird,,
1569669,come salvare in una cartella le email senza perdere la data originale,,
1569670,How can I turn off copy/paste blocking in some of my e-mails,,
1569684,delate e- mail  account [edited]@poetworld.net,,
1569693,"Deleted several hundred emails on Feb 27, Thunderburg shutdown at same time, can",,
1569703,How Do I fix SEND wants password from another account?,,
1569715,Keep receiving  pop-ups soliciting access to my Google account from Thunderbird ,,
1569724,Gmail login problem,,
1569730,"After authenticating one Yahoo account (Oauth2), my second Yahoo account has bec",,
1569758,"A new 'pop-up' has appeared on my Thunderbird home screen with the title ""Upcomi",,
1569763,Can you help me give Thunderbird access to my Outlook pst-file?,,
1569764,Inbox mails are disappearing by it self after a month?,,
1569779,What is the purpose of charge?  1LU602365W603494C to Paypal on 1/26/26,,
1569782,Thunderbird switching to OAuth2 with PKCE,,
1569787,Xfinity conversion to Yahoo,,
1569790,sending error,,
1569791,Thunderbird hasn’t shown up on iPhone screen,,
1569801,export mails of bacukup van een map,,
1569821,Cannot download installer,,
1569824,thunderbird require email password?,,
1569826,All Mail folder in my Thunderbird appdata ImapMail folder still holds all delete,,
1569828,Download/Install Problem,,
1569833,What does popup mean to me?,,
1569838,Pop ups on Thunderbird which I can't remove,,
1569851,smtp server (salida) produce error y  no envía los mensajes,,
1569858,The certificate for imap.googlemail.com does not come from trusted source,,
1569864,Not enough disk space to download new messages - error msg. Suggestions to fix t,,
1569866,imported address book from outlook classic has problems,,
1569870,Message that it cannot be logged in server is shown.,,
1569912,Repeated request for Google login for calendar,,
1569920,email attachments not saved when filenames are similar,,
1569921,Verzenden mislukt,,
1569924,Linking Thunderbird and Outlook calendars,,
1569925,148.0 update moved trash folder,,
1569948,Een mailbericht ontvangen vanaf mijn iPhone duurt heel erg lang.,,
1569949,"I try to install Mozilla Thunderbird on my iPad, but it does not work.",,
1569958,51 I can't find the distribution list in the Addresses menu.,,
1569963,I have no master passwrod and cannt find how to get rid or change it. I have tri,,
1569966,I am unable to send small Word attachment to mailing list,,
1569969,Card book - zie geen knop om (remote) adresboek aan te maken,,
1569975,Hoe krijg je contactpersonen (liefst zelfs remote contactpersonen) in de Thunder,,
1569978,147.0.1 (64-bit) Recent problems on my Gmail account led to a reload of Tb. It a,,
1569979,I can no longer access any of my (five) aol accounts ... and I'm desperate! :(,,
1569990,Incoming messages have unreadable symbol font,,
1569995,"Can't sign into my account, i need help",,
1569998,"One specific email does not show in TB, but is present in IMAP",,
1569999,Getting Thunderbird to work properly with an exchange server (using Owl).,,
1570002,Android app displays sometimes incorrect timestamp in Sent folder,,
1570005,Thinking of move to Thunderbird,,
1570010,Werkt Thunderbird met Murena/e/os,,
1570016,Cannot open email site.,,
1570017,cannot log into yahoo starting 3/9/2026,,
1570025,New emails and outgoing emails are garbled with some kind of code string.,,
1570026,How do I display Junk mail,,
1570028,email attachments not saved when filenames are similar,,
1570040,Inbox,,
1570050,got new computer can't find where to open to access emails,,
1570054,Thunderbird stopped downloading from GMail,,
1570056,"OAuth2 Authentication for Yahoo, AOL",,
1570057,All emals don't arrive in Thunderbird on my desktop.,,
1570060,"Thunderbird shows that I have many, many incoming messages, but it will not actu",,
1570066,"When downloading email from Yahoo mail, attachments do not appear, only winmail.",,
1570079,my emails are all old from 2023,,
1570081,"thunderbird stopped working message, ""can't load xpcom"" uninstalled now won't re",,
1570091,incoming email image attachment sizes too large need resize,,
1570100,Mail Merge Automatically Disconnecting in Thunderbird on Windows 11,,
1570101,Importera kalender,,
1570107,9 mb file attachment broken up into 10 emails,,
1570122,"Eingehende Nachrichten werden wie ""Drafts"" behandelt",,
1570128,data synchronization,,
1570130,which thunderbird version should I install for Windows7 Professional?,,
1570134,I can't find my password. I hve the encrypted password. Could you please provide,,
1570138,Impossible to open mail or setting,,
1570139,Impossible to open mail or setting,,
1570140,Mail filters,,
1570141,filters stopped working (imap desktop with mobile),,
1570142,Thunderbird downloaden op iPhone,,
1570147,posta in uscita,,
1570148,Ich bin mit der Neuinstallation des Thunderbird nicht zufrieden!,,
1570151,wat betekent een melding dat mijn imap.gmail.com993 niet door een geldig certifi,,
1570153,WHY CAN'T I REPLY TO MAIL,,
1570156,Can't Create Configuratio for mail.com,,
1570163,search does not work properly,,
1570164,"After installing / loading my email ""Thunderbird / Mozilla software, I need to i",,
1570166,"password not working, I have made NO changes, the password held by Thunderbird i",,
1570167,Not Receiving Email messages,,
1570168,I'm not receiving my Email messages.,,
1570170,Cannot Link To My Email Server.....,,
1570171,Why has my sign in password suddenly failed after months of seamless sign ins,,
1570176,"Had to delete my outlook app on my iphone as it would update..stuck for days ""sp",,
1570182,How to fix password sign in?,,
1570183,Why does TB keep pausing RSS updates and how do I stop it?,,
1570185,Why doesn't my new Thunderbird version show the numger of new emails above the d,,
1570187,"I am unable to get emails, keeps asking for passwprds, but rejects them",,
1570191,MY REPLY TO EMAAILFAILS,,
1570193,"Thunderbird import not allowing to ""match names"" on import from a CSV file.",,
1570200,all of my old mail in my inbox are gone.  how can I get them back.,,
1570205,I am having Password problems with mail.com.  Just started this morning,,
1570208,I have lost my toolbars when sending or receiving,,
1570214,IMAP Delete/Expunge Failure on TB 140.7ESR with Gmail (macOS 15.2),,
1570221,Defering or delaying compacting mailboxes,,
1570231,"Thunderbird has ""lost"" the Send button",,
1570235,Can thunderbird be configured to open in a tab,,
1570239,My server settings are incorrect on two of my three email addresses. How do I co,,
1570240,"Pictures from phone to Thunderbird only shows extension #, not actual picture",,
1570246,"Does TB have a ""complication"" that I can put on my watch face?",,
1570253,Lately all my 2026 emails from yahoo removed?,,
1570266,Filtri,,
1570268,Thunderbird move to next message on remove attachments,,
1570275,No chance to connect some Outlook accounts to Thunderbird?,,
1570279,Remove arrow from Subject field,,
1570280,"Wie kann ich bei Thunderbird die Vorlage ändern, die aufgerufen wird bei der Fun",,
1570287,I have my Thunderbird account set to require a Primary Password which is a pain ,,
1570295,Thunderbird is prematurely word wrapping send emails,,
1570321,Unable to send emails,,
1570326,"NON FUNZIONA LA POSTA DI ALICE IN ENTRATA ED USCITA, DA ALICE MAIL SI",,
1570328,"Inconsistent Threading: Some Conversations Show Carrots, Others Don’t (Even With",,
1570333,HELP I have asked for help with this problem and no one seems to know,,
1570338,Folders will not delete,,
1570339,I cannot send from an Office365 account but can get mail,,
1570341,I can't see sent mail in sent folder,,
1570345,non riesco ad inviare messaggi,,
1570352,"have 5 default files in profile, are all needed",,
1570355,Moving Thunderbird profile  from a w11 computer  to a second new computer w11 va,,
1570362,I want to connect to a remote CardDAV Address book but the option in Account Hub,,
1570363,Moving email from GMail to Thunderbird; have GM 'Takeouts; have TB addon import/,,
1570366,"J'ai déjà un mail gmx , ""andre.et@gmx.fr"" est-ce cette adresse qui est crypter ?",,
1570370,I have lost old emails in my AOL inbox (locked duplicate),,
1570372,I ger a dozen messages a day from a domain containing firebaseapp.com and I cann,,
1570381,TB not recognizing Outlook Personal account as viable SMTP account (evidently),,
1570384,How do I get Thunderbird to default to closed threads?,,
1570393,"There is no send, attach, or save buttons",,
1570395,latest ics file in Win10 Pro,,
1570396,"thunderbird always opens at odd sizing every time, regardless of any setting",,
1570397,"How to set up archiving WITHOUT year folders, and preserving original folder hie",,
1570402,Błędnie wyświetlające się foldery,,
1570403,TB will not save login-in password,,
1570406,Why is Thunderbird no longer able to log into my AOL IMAP account after the 3/10,,
1570412,create subfolders,,
1570416,We often get emails from suppiers who use Netsuite and the email is mis-identifi,,
1570420,Problems with a Hotmail account,,
1570422,how do I get rid of yahoo popups that have recently plagued Thunderbird,,
1570426,T-bird not accepting my Win10 -> Win11 move,,
1570437,"Size of mailboxes, size of sent mailbox for linux thunderbird",,
1570438,"I am missing an ""all mail"" folder",,
1570441,SPAM filtering improved with current release??,,
1570447,Message from TB,,
1570449,My primary email address gets wiped automatically every late evening,,
1570450,Backups using Acronis True Image for Western Digital cannot access Thunderbird f,,
1570452,Cercare email velocemente,,
1570471,Downgrade from Release 148.0.1 to 140.8.1esr,,
1570473,"I would like to add an apple account (mail, calender, adresses,... etc) to thund",,
1570475,Nejde mi smazat původní podadresáře archivu,,
1570481,"ik krijg melding dat Uil licentie verloopt, alleen de 'koop licentie' button wer",,
1570484,alice di tim non funziona,,
1570490,"Account verwijderd, mails na 2 jaar nog in het systeem te vinden",,
1570499,shortcut for moving from folder list to message pane,,
1570505,"Keeps rejecting e-mail address, but it is correct.",,
1570510,How can I share calenders from multiple computers that don't have internet acces,,
1570513,zie bijgaand de screenshot. het gaat om de koppeling van Thunderbird met Office3,,
1570518,How do I change the American date format for the British format?,,
1570520,Sinds deze morgen verschijnen een soort programmeertaal in mijn ontvangen mails ,,
1570521,How can I change from Thunderbird ESR to Release,,
1570524,how do I change/fix the line pitch in Thunderbird?,,
1570527,why won't thunderbird email import from typeapp,,
1570538,Importing CSV address books does not work properly.,,
1570540,Thunderbird 148.01.1 (64bit) and just collected new emails can't be seen on the ,,
1570544,"On new hp laptop the email trash file shows no option ""empty trash"" option anymo",,
1570548,Yellow diamond to indicate new email in a folder no longer working,,
1570556,thunderbird has stopped recvng msgs from @embarqmail and @gmail stating password,,
1570557,in thunderbird I can't send emails from aol account (I can send to same address ,,
1570558,password problems,,
1570559,logout and restart,,
1570560,getting logged out too quickly,,
1570563,THUNDERBIRD : e-mail file won't delete,,
1570576,"Vorrei eliminare i caratteri ""Re:"" quandoi rispoindo ad una email. Sono riuscito",,
1570577,"Buonasera, come posso risolvere il problema delle mails e cartelle che spariscon",,
1570581,How to add a new email address to my Thunderbird email page,,
1570582,How to remove old printers from Thunderbird application,,
1570587,thunderbird 140.8.1 will not run unless restart of mac mini ios15.7.4 sequoia. o,,
1570594,How to disable calendar?,,
1570603,problem to add account gmx email,,
1570611,HOW DO I CHANGE MY PASSWORD ON thunderbird,,
1570614,move the panel to the right,,
1570622,Can't compact some folders,,
1570625,Problema com login - Resolvido,,
1570629,Not all Google calendars visible,,
1570638,"Thunderbird constantly showing that I have new messages, despite not having anyt",,
1570646,"I updated Thunderbird to 148.01, updated the incoming and outgoing mail configur",,
1570666,Retreiving variables / data from email,,
1570670,Lost all saved email data,,
1570672,nie mogę wysłac maila,,
1570673,ik krijg geen email van mijn kpn mails te zien?,,
1570674,Will Thunderbird be a better alternative than Outlook for Mac in 365?,,
1570691,recommencer avec Thunderbird,,
1570692,I have forgotten my password.,,
1570700,Folder list not updating,,
1570703,In einem Bereich werden E-Mails nach Tagen zusammengefasst. Wie kann man das an-,,
1570713,"550 5.7.1 Unfortunately, messages from [37.230.98.4] weren't sent.,Part of their",,
1570722,I can't get messages to open up in a third window like my desktop does,,
1570723,"Email folder in unified inbox and another same email in folders, cannot access d",,
1570726,Does Thunderbird store emails after you delete the email from Outlook?,,
1570727,All current year INBOX emails disappeared--no luck repairing folder or deleting ,,
1570735,Thunderbird shortcut buttons,,
1570739,lost folders,,
1570747,Getting Yahoo Page covering over my Thunderbird page with no practical way to re,,
1570749,"Trying to create an email filter, however, the screen/window display will not sh",,
1570750,importing pgp keys from Thunderbird on Linux to Thunderbird on Windows 11 produc,,
1570751,I cant send email any more there is no send place to click,,
1570752,How can i have multiple email address to my email,,
1570756,the complement importexporttools ng does not allow me to import mbox file... onl,,
1570760,"Moved files to a new windows 11 machine and everything is lost, even tho everyth",,
1570788,How do I transfer message filters,,
1570789,Can't sign in Google account verification code never comes through,,
1570804,Buongiorno uso Mozilla thundebird  non ricordo la chiave principale come fare a ,,
1570808,prevent firefox opening a new message when i put one in the garbage can,,
1570812,Repeated Error Issue in Thunderbird – Request for Assistance,,
1570815,Ich habe mein Passwort zu meiner Email vergessen,,
1570819,SMTP configuration,,
1570828,Ho dimenticato la password principale posta elettronica come fare per recuperarl,,
1570836,"comment créer un dossier (imap) ""COMMERCIAL"" qui puisse recevoir des mails",,
1570840,"Nachrichten, die ich verfasse, werdem mit einer falschen Zeit (+3 Stunden) gespe",,
1570858,authentication method in ≡ > Account Settings > Server Settings does not give OA,,
1570863,Want to migrate AOL large email file with 2000 emails to my hard drive which is ,,
1570866,Come impostare correttamente la codifica caratteri delle email inviate automatic,,
1570867,"Don't know how to get back to older question, basically a continuation",,
1570874,I have a gmail account linked on thunderbird and want to access my password so I,,
1570903,Cannot create a accounts for Microsoft and Appl atm,,
1570906,Tweak with extensions or go to config flags?,,
1570907,What is the file name of a new address book you create..,,
1570908,"What Windows System is on this computer?  It says Windows 11, this this true?",,
1570909,"Thunderbird ist geöffnet, jedoch kommt die Meldung 'Keine Nachricht gefuinden' .",,
1570915,thunderbird.tmp folder in Downloads (Linux ARM64),,
1570925,"After connecting to Yahoo for 6 weeks, it suddenly times out when downloading me",,
1570932,"Thunderbird keeps asking for server password, never did before.",,
1570933,thunderbird corompu,,
1570966,"my thunderbird was deleted and although I have all my inbox emails, all my local",,
1570975,la versione 148 in neon linux non accede a nessun account di posta e richiede se,,
1570987,Fehler bei Versenden meiner t-online e-mail,,
1570991,Thunderbird in Cards view: How do I reply to an email?,,
1570992,thunderbird does not respond,,
1570995,Quando avvio la STAMPA il programma si blocca sulla Preparazione alla Stampa,,
1571006,aprire una nuova finestra in Thunderbird,,
1571015,What is the best way to respond to an email sent to a group by Replying to the s,,
1571016,A Feature I Think Would Be Helpful,,
1571017,Thunderbird is failing to download my emails.  I don't know why.  It is failing ,,
1571019,Can I exclude a term from an email search (e.g. no 'Amazon')?,,
1571020,Thunderbird has stopped connecting to yahoo/att.net since 3/13/2026.,,
1571025,krijg geen mail meer binnen vis g.mail.com,,
1571026,Hello. I have tried to copy my Thunderbird account to my MacBook. This has  happ,,
1571039,why I can't receive email messages sent from proton.me on my gmail.com account?,,
1571050,I have 4 email accounts. When an email comes in to one of them it also goes to A,,
1571053,"After an update, the prompt window to relogin to Yahoo and AOL displays an error",,
1571065,why is there a $20 charge on my credit card?,,
1571068,How to arrange columns for viewing messages,,
1571079,How can I change my email password in Thunderbird,,
1571080,syncing problim,,
1571081,"Repeated gmail problem with error message: ""The certificate for imap.gmail.com:9",,
1571106,I am unable to add my google workspace account,,
1571109,incoming email size and attachment image storage and efficiency,,
1571119,Email Access Issue – Thunderbird,,
1571124,メールソフトインストールギブアップです。（ヘルプ可能ですか）,,
1571135,Request to Remove My Email from Bugzilla Notifications,,
1571138,I have just started being asked to enter password.,,
1571143,thunderbird search find nothing,,
1571147,Issue With Sent Folder,,
1571151,Settings being ignored,,
1571156,Thunderbird for email back up.,,
1571159,Problem accessing Thunderbird (gmx.com account): Login to server imap.gmx.com wi,,
1571164,Can't connect to server to get our emails by computer.,,
1571166,issue with login,,
1571170,Importeren adresboek uit WLM,,
1571176,Loss of all mails in my local archive,,
1571177,why cant i make a mailing list in contacts,,
1571185,Error message: server does not support activesync v.2.5 in thunderbird,,
1571190,Warum werden die Mails nicht mehr richtig angezeigt - ohne erst auf einen Link k,,
1571191,Forgotten Thunderbird primary password,,
1571199,message tabs disappear after update,,
1571205,impossibilité de me connecter à mon serveur Yahoo depuis le 10 mars,,
1571206,"ich möchte mein Tunderbird Konto wieder einrichten, ich hatte es geupdatet und s",,
1571211,"When the popup shows during a new Google account setting, if I clic on ""Access"",",,
1571215,"I wish to do a mass import of vcf cards, how?",,
1571220,Recent TB problem sending msgs,,
1571222,How Long Does it Take Thunderbird to Learn What is or What is Not Spam?,,
1571227,I wonder how to create sending lists,,
1571233,How can I paste several items (not the whole table) from an external table or te,,
1571238,Setting up an email account in ThunderBird wants me to ALLOW information from go,,
1571245,"Any plan to support ""network.http.window-sso.enabled"" prefs in Thunderbird?",,
1571253,Compaction pop up window reappears every few minutes,,
1571255,I've had problems for some time; I cannot log in to Thunderbird because it seems,,
1571262,Yahoo AT&T Mail has locked me out of my email account after the Thunderbird Oaut,,
1571277,linux mint. trying to instal a pop3 account with an earthlink account,,
1571282,Thunderbirdの迷惑メールの件,,
1571285,New OAuth2 will not send emails error message is server can't authenticate Outgo,,
1571286,Adding my account from pc to new phone a qr code displays too big on my pc scree,,
1571322,I suddenly have no emails or only a few in my folders.,,
1571327,duplicateContactsManager not showing in tools menu,,
1571328,How do I solve the problem of not being able to access my gmx.com account via Th,,
1571335,"""Open Message in conversation"" in context menu has disappeared. How do I get it ",,
1571343,Expanding each email row to ~3-5 lines of preview under the subject,,
1571344,emails disappear from my inbox automatically and sent msgs are not saved in thun,,
1571347,when Thunderbird starts the multicolour wheel of death appears and all is locked,,
1571352,All my emails are going into a different box none going in my i bo,,
1571361,non riesco a scaricare la posta in entrata,,
1571368,Thunderbird blocks access due to missing Newsreaderpassword,,
1571372,i have just reset my laptop and lost thunderbird mails. I don't know my password,,
1571382,I am not getting my e-mails,,
1571385,problems adding Thunderbird to a laptop computer,,
1571390,How do I connect one drive to thunderbird email?,,
1571393,How to reduce line spacing from two to one,,
1571399,How to resolve error message,,
1571421,Eliminate duplicate messages,,
1571429,Forwarded emails,,
1571441,out going messages are slow to be sent.,,
1571442,Two local folders named 'Outbox'.,,
1571443,Yahoo mail,,
1571447,"I have problems with my mails, cannot open them and forgot my ID number",,
1571448,Thunderbird set up,,
1571449,My routine login to my Apple e-mail account just failed,,
1571454,Help ... No Writable Calendar,,
1571481,why are some of my messages disappearing?,,
1571487,手動設定できない,,
1571506,Changing the position of attachments in a message,,
1571511,How to create an auto reply on Thunderbird,,
1571524,"hello I have bought with donation thundrbird, but is is in the wrong languange. ",,
1571527,Unable to access one of my accounts,,
1571531,problemi con account Tin.it  su win 7,,
1571544,I'm changing email servers and need the best way to automatically backup my emai,,
1571547,Strani problemi con corrispondenza in spam,,
1571551,mantener correos en la web original,,
1571567,IMAP connection from Smartermail server can not save to sent folder,,
1571577,How to Set Default Account for Sending New Emails,,
1571583,Fractions,,
1571591,Thunderbird link previews change composition style,,
1571597,No longer able to send email,,
1571607,opening tabs sent in an email,,
1571610,I am trying to get a message URI so I can reference it another app,,
1571611,Cannot copy paste from Tbird using control c or the edit copy function does not ,,
1571619,Calendar Events Take Focus,,
1571622,"I accidently unsubscribed my current calendar and not listed, how to re-subscrib",,
1571624,Will thunderbird run on an iMac With a M4 chip,,
1571633,“I use Thunderbird on my PC with Outlook on UVM servers. After a password change,,
1571642,mails that have received were deleted automatically,,
1571650,the yellow marker star missing for new email in folder works in ver 128 but not ,,
1571666,ALICE MAIL NON INVIA MESSAGGI,,
1571680,pec da PC non si connette,,
1571683,Calendar event reminders not showing before event,,
1571686,Mozilla Thunderbird wachtwoord vergeten,,
1571687,"vorrei eliminare dal mio pc vecchi account che occupano tanto spazio, ma vorrei ",,
1571693,Address Book Search doesn't show any results for Phone Numbers or Addresses,,
1571694,How do I change contacts in calendar,,
1571695,ripristinare le etichette di default visibili da tutti i computer dell'ufficio,,
1571697,Opening up Thunderbird has become exceedingly slow.   It takes 15 minutes to dow,,
1571698,"Thunderbird is takig a long time, up to 15 minutes, to download email from gmail",,
1571705,Thunderbird downloads only a few of 1900 messages,,
1571706,"Nelze uložit zprávu do složky. Ujistěte se, že máte práva pro zápis a máte dosta",,
1571707,how do I change docking location of toolbar?,,
1571717,Sending of the message failed.,,
1571718,How can I import address book from desktop to mobile thunderbird without putting,,
1571740,where are my emails today?,,
1571741,Display Font Unreadable,,
1571744,Restore thunderbird profile from a crashed Win 10 desktop,,
1571753,Prijem emailu z QR kodem . QR kod se nezobrazuje .,,
1571754,Thunderbird will not download mail,,
1571757,What is my second thunderbird pasowrd.  I'm at least 6 hours into this problem!,,
1571764,Attempt to add a 3rd IMAP email account fails to work,,
1571768,Thunderbird.does not recognize my CenturyLink e-mail log-in address,,
1571773,"Latest Thunderbird works well on a Catalina computer with an SSD drive, but not ",,
1571780,Thunderbird stopped receiving and sending emails,,
1571781,Reparera fungerar inte. Adressater kan inte öppna bilagor,,
1571786,Instructing Thunderbird to arrange Sub-Folders in Inbox back into alphabetical o,,
1571787,Windows header no longer shows up above/behind the Firefox window (Maybe TB).  I,,
1571789,サンダーバードを使いたいのにログインできない,,
1571790,Calendar events do not remain displayed in reminder window,,
1571792,How do I check my emails,,
1571799,I have not received emails through my thunderbird account for about a week,,
1571813,creat thunderbird email account,,
1571816,I want Gmail in my thunderbird consolidated inbox,,
1571832,unable to add account,,
1571846,New crash report every time i press submit crash report,,
1571857,Messages with FileLink considered as spam,,
1571861,wachtwoord vergeten,,
1571866,what version do I have,,
1571869,"Unable to setup Thunderbird using one User-ID and PWD combination, with multiple",,
1571873,How can I determine whether the recipient has read the email I sent them? And wh,,
1571885,define sender email - depending on receipient,,
1571896,can't get rid of the new message box,,
1571900,non riesco a entrare mi appare una richiesta d'inserimento della password,,
1571902,Unable to add additional email to Thunderbird,,
1571904,folders don't import into thunderbird from startmail....all emails are in the in,,
1571910,Cannot get Thunderbird linked to mail server,,
1571914,"Anmeldung auf dem Server secureimap.t-online.de mit Benutzernamen ""[edited]@t-on",,
1571916,Thunderbird Don't show Link Wrapped Logo in Some Emails.,,
1571918,"Can I import my emails, contacts, etc. from Thunderbird for PC to Thunderbird fo",,
1571927,Local Folders>Inbox preview doesn't show for most messages,,
1571929,ON INCOMING EMAILS SEEK TO ENLARGE THE TYPE FACE SIZE,,
1571930,Gaining access to Thunderbird mailbox after canceling request for password,,
1571936,Double calendar alerts can't get discarded,,
1571950,cant find sign in,,
1571958,It no longer shows a 'sent' option at the top left corner when I am replying. I ,,
1571962,"Hogy lehet az, hogy a címlistáimból az összes e-mail címek elltűntek nyomtalanul",,
1571963,No 2026 archive,,
1571967,Need Human help to set email on new laptop (locked),,
1571973,Human contact,,
1571980,Untractable SPAM,,
1571995,Thunderbird hangs my machine periodically,,
1571997,It isn't loading messages from Microsoft (Outlook),,
1572005,find a single email from a backup,,
1572014,Wie richtet man eine weitere Email-Adresse ein?,,
1572016,Accesso ad Alice.it bloccato,,
1572019,mail from thunderbird about donations can not removed,,
1572022,removed emails exist still current in list of received emails,,
1572027,Feiertage im Kalender anzeigen,,
1572028,still cannot send out emails following a response from Mozilla support,,
1572049,I can't open my emails. I go through Charter (Spectrum),,
1572051,Invio mail da GMAIL a Thunderbird,,
1572056,Thunderbird guide,,
1572058,Installing new TB in computer that had old version.,,
1572060,No consigo enviar un mail mediante la cuenta de yandex.com,,
1572068,"In Thunderbird, on one email account, the emails appear to be filtered but there",,
1572070,Why Do I Have Dual Drafts Folders,,
1572071,CardBook 104.7 folder pane frozen ~40 minutes at every startup - TB 140.8.1 ESR ,,
1572076,Can't get Incoming G-mail (another email app can),,
1572088,"Cannot download without payment, although product is advertised as free",,
1572104,Google authorisation popup does not appear when trying to add Gmail account to T,,
1572121,Problem adding CALDAV addressbook,,
1572134,How to configure the settings to link the infomaniak mail with Thunderbird,,
1572151,wont sign in to google,,
1572165,All of my emails stored in my inbox have disappeared.  How do I get them back?,,
1572166,Why is there no way to contact Mozilla Thunderbird directly to get support?  Jus,,
1572169,installing thunderbird to read old outlook express emails,,
1572178,how to display individual emails in date order and not tagged email chain,,
1572180,Lors d'un trasfert d'un courrier entrant la pièce jointe (.mp4)a disparu.,,
1572184,I need help with setting up Thunderbird -,,
1572186,"For the past few weeks, I am unable to see the content of about 1/2 of the email",,
1572188,"When I enter a new event in calendar, the 'save and close' button is not present",,
1572202,Where does deleted email go in Thuderbird?,,
1572206,Email-accounts volgorde wijzigen,,
1572207,kan geen emails versturen,,
1572210,la mia password non è riconosciuta cosa devo fare',,
1572218,Spam emails not showing up,,
1572219,Adding  a second display monitor. CPU was working with two monitors now only one,,
1572236,Unable to add a Live .co.uk account to Thunderbird.....,,
1572237,How to update new certificate from my email provider,,
1572260,"In Thunderbird Desktop, when I populate a Personal Address Book, the address I a",,
1572288,I need to leave a message to all incoming emails gtt I will be away for a period,,
1572302,I am 82 years old I tried doing all the things to get my emails as I have multip,,
1572307,The server is already in use.  Connection not closing?,,
1572312,"My efforts to send my dad emails won't send him, and the password that was accep",,
1572317,Since Updating to macOS 26.3.1 my Thunderbird Font List has been completely repl,,
1572321,Trouble getting email after password change at Univ of MN IMAP server,,
1572322,"Preciso de ajuda, minhas uso duas contas dentro do meu gerenciador em uma delas ",,
1572325,Suppressing daily events in future events list,,
1572328,colour of outgoing email hyperlinks,,
1572333,Ok I don't have Thunderbird on my desktop,,
1572335,"ALICE EMAIL NON FUNZIONA IN USCITA, DAL SITO TIM FUNZIONA PERFETTAMENTE",,
1572336,"ALICE EMAIL NON FUNZIONA IN USCITA, DAL SITO TIM FUNZIONA PERFETTAMENTE",,
1572343,I can no longer use Thunderbird on Xfinity,,
1572346,Have 3 email accounts. One sometimes fails to show any folders,,
1572350,Signature Position Settings,,
1572355,Issue in Wordpress Regarding Contact Forms Not Being Sent to Our Designated Emai,,
1572356,Recover lost files in a folder,,
1572358,"ihaving troble logging in on macbook, no issues on my cell phone.",,
1572359,Some emails go to All Mail but not Inbox.,,
1572383,Can see all message filters / top or bottom of message filter window in V 142?,,
1572414,Geen afbeeldingen weergegeven in Thunderbird mail,,
1572428,I had to reinstall Thunderbird and now cannot get into my email that was thru Br,,
1572429,"My sub folders have stopped being visible on my desktop, but are still visible a",,
1572436,Thunderbird printed headers and footers only half appear at edges of A4 (210x297,,
1572437,Please tell me why my thunderbird account keeps crashing apon startup ?,,
1572439,Problem to put an address in thunderbird,,
1572447,"il comando ""cerca"" in Thunderbird non trova nulla",,
1572448,Trying to import a Gmail MBOX into Thunderbird using ImportExportTools NG extens,,
1572452,não está carregando meus emails,,
1572461,"Email ""write"" window hangs on spellcheck",,
1572462,Display colored text in mails received is wrong! Red encoded text is displayed i,,
1572466,InThunderb geen e-mail meer te ontvangen,,
1572473,"How do I turn on folder stats(Disk space used, number of emails, number unread)?",,
1572476,Opening page in Thunderbird is a mess since last update,,
1572480,If I delete my account will I still be able to send and receive emails through T,,
1572497,"ProofPoint keeps blocking outgoing emails from Thunderbird, how can I resolve th",,
1572531,Installed update to version 148.0  failed to run for just one user,,
1572534,"Mozilla is trying to download 36,000 emails from server.",,
1572547,"How do i elemanite the all mail folder, i don't need it and it takes up space.",,
1572550,Multiple addresses in rule,,
1572551,How stop Thunderbird emails from showing and printing tracking and other backgro,,
1572570,unable to complete re-install Thunderbird error message :- unable to login at se,,
1572571,Can I have two email addresses in Thunderbirds for emails,,
1572584,サンダーバードで送信ができなくなりました,,
1572594,"""reply"" and ""reply all"" no longer show in my thunerbird e-mail task bar and I re",,
1572596,Send Message Error,,
1572597,perchè da ieri sera non riesco ad inviare le mie mail?,,
1572600,"it appears that creating a mailing list is no longer supported, why, or how do I",,
1572610,Emails to Outlook and Hotmail addresses being rejected,,
1572611,get an ID,,
1572624,Esiste un'estensione per convertire automaticamente la prima lettera in maiuscol,,
1572627,Mails n'arrivent plus ou ne s'ouvrent plus,,
1572628,Program is freezing after a few minutes even without use,,
1572629,Warum werden meine Vorlagen gelöscht,,
1572630,How to recover a lost archived file,,
1572633,no riesco inviare dei messaggi di risposta,,
1572638,Hoe kan ik e-mails ontvangen vanuit een datingsite in china die wel terecht komt,,
1572644,Enter credentials for (me) on smtp.gmail.com,,
1572652,Emails aan @gmail.com komen terug als niet verstuurd.,,
1572655,Non si aggiorna la posta certificata,,
1572656,"My settings are on English, but messages are still coming in in Dutch",,
1572660,wie kann ich andere wörterbücher an firebird hinzu fügen?,,
1572665,correcting words by capitalising incorrectly,,
1572670,locked out of servers for sending and recieving emails,,
1572676,wil graag recuva installeren maar loop steeds vast. Inkomende server bestaat al.,,
1572677,Is Thunderbird 149.0 a release or a beta?,,
1572678,SMTP change in one account alters all,,
1572687,"Secondary calendars show ""not available at this time""",,
1572701,"lost email password, need to change password so i can install it on iPhone",,
1572704,Problems with the trash bin / where are all my mails/data,,
1572713,Mail Merge and Send Later Extensions,,
1572714,Release Notes & Migration from Release Channel to ESR,,
1572716,I set up a new email server account with mailfence but Tbird will not accept the,,
1572722,"PDF file attachment won't open in Acrobat, but will open in ""Preview in Thurderb",,
1572731,"Sent mail is not actually sent...   no errors, not in sent folder, but appears i",,
1572737,I have gave u the second email but I will not let it go through,,
1572755,grey background on messages just appeared today!,,
1572762,How do I prevent metadata from displaying when I attempt to print an email?,,
1572773,Won't accept correct password after a while. It will at first.,,
1572791,ld not connect to server,,
1572800,I do not see where the config is to set a longer timeout.,,
1572801,How do I create a new mail folder on MacOS,,
1572805,Why am I not receiving my gmx emails?,,
1572816,Why is my message blocked by ABL (550-Policy MFRM56)?,,
1572821,unwanted emails that I can only delete or unsubscribe from. There needs to be a ,,
1572834,when I upgraded to Windows 11 it automatically upgraded my system to a new Firef,,
1572843,posta certificata che non si aggiorna,,
1572844,I cant log in on my thunderbird from my outlook,,
1572855,"la posta non si apre, mozzilla non risponde",,
1572861,COME FARE A CANCELLAREUN MESSAGGIO SALVATO IN BOZZE ?,,
1572868,what is my password to run a virus scan on my profile?,,
1572876,how can i deactivate grouping of mails from the same sender?,,
1572887,Can not mark an e-mail for delete.  I can read an e-mail but can not delete.,,
1572894,Thunderbird repeatedly downloads all message headers and often declares that a f,,
1572898,My efforts to delete old password and create new password didn't work,,
1572904,mails ouder dan paar weken terugzien op desktop (terwijl wel zichtbaar op andrio,,
1572907,dove sono archiviati i messaggi di posta da inviare in ritardo,,
1572910,Attachment window gone,,
1572916,I am using Thunderbird to send out email to a group. I have set up a mailing lis,,
1572917,Thunderbird doesn't sync with GMX - times out,,
1572925,thunderbird non si collega al server di @alice.it,,
1572931,find command in 149 no longer reports number of matches,,
1572932,Using thunderbird ver 149 cannot receive or send messages. Thunderbird opems up ,,
1572936,Email marked as read keeps being visible in an unread-folder,,
1572946,Can't import,,
1572952,Massage Header Customizer Not Compatible... Again,,
1572966,Yahoo Thunderbird Setup Failure,,
1572974,Inbox message jumps to an unrelated one.,,
1572975,Thunderbird - OpenPGP - verify signature,,
1572976,"Today, a number of my emails in the inbox were marked as suspected ""spam"" or ""ju",,
1572977,how do I add my yahoo email and gmail to my thunderbird account,,
1572984,New installation of Thunderbird does not find existing email accounts on local d,,
1572990,"import outlook folders - getting message ""No Profile Found""",,
1572992,can not send emails,,
1572993,Draft are not removed.,,
1572995,"Quickfilter indicator ""light"" stopped working",,
1572996,system not configured to send mail for anonymous sender,,
1572998,I deleted my old password in privacy and security and waited for the prompt but ,,
1573001,my settings wont recognize thunderbird as a set account for me to send out docum,,
1573038,Не приходят входящие письма на корпоративную почту thunderbird,,
1573040,Outlook.com accounts not working in Thunderbird – intermittent OAuth2 login erro,,
1573042,non mi funziona piu' il filtro veloce con le cartelle posta se apro il filtro ve,,
1573048,"non riesco ad inviare la posta da alice mail,",,
1573051,échec de connexion au compte Pierre.Jonquieres@wanadoo.fr,,
1573064,"Hi, I can open Thumbderbird, but the entire left-hand folder pane is empty. The ",,
1573069,Smtp demands password,,
1573084,"Thunderbird, 3 utenti ma solo 2 pass memorizzate",,
1573107,"Clean install, no 3rd party AV, Tbird downloads a small amount of mail then give",,
1573140,quick card delete button extension no longer working with Thunderbird 149.0.1,,
1573146,Email is setup with 2fa and app specific PW but can't get Thunderbird to connect,,
1573147,problem with certicate,,
1573150,Spam by the hundreds.......,,
1573155,Gmail alias - how to manually add the address book?,,
1573159,"Come si può eliminare la parte iniziale delle mail in arrivo ""ID MAIL""",,
1573165,OAuth2 Dose not work,,
1573170,thunderbird won't connect to gmx.com.,,
1573173,I am not receiving my emails through Thunderbird,,
1573175,"thunderbird inporteert maar een deel van mijn mappen in de inbox, maar ik beantw",,
1573186,Problem With Thurdredbird,,
1573187,Thunderbird did not pull e mails from the old computer (via USB storage),,
1573189,Thunderbird did not download,,
1573200,Unable to add a gmail account to Thunderbird,,
1573205,Windows 11 64-bit setup fails with the Outbox setting,,
1573208,MAPI32.dll problem stops MYOB linking to Thunderbird,,
1573237,"Cannot access Tbird on PC, but have done so using Outlook & Tbird, Outlook & Sam",,
1573240,"My wife gets the frequent annoying pop-up ""Mozilla Thunderbird wants to access y",,
1573252,The image (in high quality) as Signature appears blurry in Email content,,
1573262,thunderbird is niet zichtbaar op computer. Gebruikt dit al jaren voor mijn e- ma,,
1573287,I can't edit or delete a calendar event,,
1573290,emails weg,,
1573293,TBird will not open.  Msg: an error occurred with the pop3 mail server,,
1573295,2 140esr updates in a week wiped out of all my accounts and emails,,
1573298,problem z wysyłaniem poczty,,
1573299,How to get Thunderbird to suggest alternative word when spelling incorrect,,
1573324,Deleted trash files reappear in thunderbird,,
1573325,Trouble transferring email from a Windows 7 PC to a Windows 10 PC,,
1573328,How do I retrieve deleted emails on Mozilla?,,
1573330,"Thunderbird does not authenticate to my email account,",,
1573331,"after the recent update yesterday, none of my incoming gmail messages will load ",,
1573333,Can't get Thunderbird to change Authorization Method to OAuth2,,
1573337,come spostare in o in basso il singolo account,,
1573341,Something has compromised my email.... I keep getting a mail delivery failure...,,
1573357,Why For the last 2days I can not receive or send emails,,
1573362,My email carolinascene.com is very slow and the messages do not show up.  What d,,
1573371,How to filter all incoming emails to copy to another folder?,,
1573407,"When i don't actively use my thunderbird mail,  program blocks and have to reset",,
1573411,Donacion,,
1573414,Syncing tasks with nextcloud,,
1573420,e.mails stored in at least one folder are not visible in Thunderbird on my lap-t,,
1573423,Change Default Email Setting,,
1573426,"windows 11, update 2026-03 KB 5085516, can't log in to thunderbird 149",,
1573427,I cannot send thunderbird Emails on either of my accounts,,
1573431,"I imported settings from Windows 11 Thunderbird to Linux Thunderbird, now Accoun",,
1573435,メッセージを送信できませんでした　メールの送信中にエラーが発生しました　サーバーからの応答：Messenge deferred ダイアログ,,
1573437,IMAP and or POP3 Settings,,
1573469,AIUTATEMI A RISOLVERE L'AVVISO CHE MI COMPARE NELLA POSTA IN ARRIVO: ERRORE NEL ,,
1573476,einstellungen unter : kopien und ordner bleiben nicht wie eingestellt,,
1573484,I received notifications that I had a unsecure Certificate,,
1573493,no list item to create new mailing list,,
1573504,Can I remove completed tasks from the task pane?,,
1573512,"TB will not let me create, reply or forward an email",,
1573515,"If a Telecom uses real Email, i/.e. not WEBmail, and they use POP3...",,
1573520,Thunderbird on Win11 Pro Deleted Thousands of email from my Yahoo IMAP EMAIL Ser,,
1573522,New Thunderbird version (149.0.1): The first upper line of the message compositi,,
1573543,Want to delete my signature quote on emails I send,,
1573549,"Unable to launch after update, keeps asking to reboot",,
1573560,"About 3 months ago, all messages downloaded to Thunderbird from Gmail include a ",,
1573564,"When I open Thunderbird, a window keeps asking for my password and still does no",,
1573566,lost my primary password of Thunderbird,,
1573571,Recipient column shows CC,,
1573576,"My address book has vanished, how can I recover it?",,
1573579,Impossibile aprire il programma.,,
1573582,No message found,,
1573590,Thunderbird-problem logging into gmail,,
1573601,Thunderbird sometimes fails to decrypt messages,,
1573602,Problemi di invio da Thunderbird pr account Gmail,,
1573603,The mail programm is very slow and many moments of total block!!,,
1573614,kan geen email meer ontvangen adres nu rood ipv zwart certificaat probleem Bitde,,
1573620,Opgeslagen zoekopdracht voor alle IMAP-pen,,
1573621,"In Thunderbird, how can I stop text in the previous emails in a string turning b",,
1573623,I want to restore text to black and background to white,,
1573628,bluehost ssl not trusted,,
1573635,Email reply with full header information (instead short reply header summary),,
1573637,"I can recieve email, but cannot send email using Spacemail as my email server.",,
1573638,I can not send mails out,,
1573644,"Thunderbird shows 12 messages in a folder but shows ""No messages found"".  How ca",,
1573646,Indexing is stuck,,
1573651,events disappear,,
1573652,Thunderbird non invia più mail di Gmail,,
1573667,"My Thunderbird has two Spam folders, even after I deleted and reinstalled it.",,
1573674,Unable to log in at server. No matter what I try,,
1573678,Folders in profile from old email host: How to recover space? (Thunderbird for m,,
1573679,Thunderbird won't connect 2fa or OAuth2 with GMX email,,
1573681,mails in thunderbird lokale map niet leesbaar,,
1573682,Bew email account,,
1573685,click on address book and it says set up wont open address book,,
1573693,Thunderbird freezes at startup,,
1573698,"How do I make ""convert to"" active, when it's grayed out?",,
1573709,After updating to VER 149 I can't receive or send emails,,
1573727,I am having a major problem with Thunderbird and recovering my inbox emails and ,,
1573731,"upon thunderbird start, msg at lower left says ""there are no new messages"", with",,
1573735,HOW DO I GET MY EMAIL BACK?,,
1573739,What happened to all the emails I downloaded weeks ago?,,
1573744,Going crazy trying to add Outlook email account to TB,,
1573752,"Can you display the email addresses in their raw form, without the brackets and ",,
1573766,メールを送っても送れずに返ってきます,,
1573769,how not ignore emojies in Thunderbird email list,,
1573772,"ik probeer een nieuwe email-account toe te voegen, er wordt gevraagd naar wachtw",,
1573774,"Fiók szinkronizálás nem működött, amíg egy fiókot le nem töröltem és vissza nem ",,
1573780,Thunderbird - skrytí přetených e-mailů,,
1573785,Unable to move Messages with attachments from INBOX to RECEIVED IMPORTANT MaILS.,,
1573791,non ricevo e non invio con thunderbird,,
1573807,IMPORT PST FILE,,
1573812,E-Mail Anhang wird beim Verfassen einer Mail erst verspätet angezeigt,,
1573818,Access to Thundermail/tb.pro,,
1573825,Ik kan niet bij mijn adresboek Synchronisatie heeft m.i niet plaats gevonden,,
1573830,Wie kann ich Email-Adressen aus einer vorherigen Installation wieder herstellen?,,
1573847,We manage a Gmail-account with 3 persons. Emails are stored with different label,,
1573854,settings,,
1573858,"How to instal Thunderbird for Mac 10,14/ Mojave",,
1573860,no emails are coming in,,
1573863,"How do I stop archiving when Message Archives is unchecked, there is no filter f",,
1573868,thunderbird authentication failure server imap.gmail.com,,
1573873,inviare posta con thunder ird,,
